#Nom;Description
gns;Groupe des Nanosciences
i3em;Groupe Interferometrie In-situ et Instrumentation pour la Microscopie Electronique
m3;Groupe Materiaux Multi-echelles Multifonctionnels
meca;Messagerie commune aux membres du service mecanique
mem;Groupe Materiaux et dispositifs pour l'Electronique et le Magnetisme
neo;Groupe Nano-Optique et Nanomateriaux pour l'Optique
ppm;Groupe Physique de la Plasticite et Metallurgie
sinano;Groupe Surfaces Interfaces et Nano-objets
srv-caracterisation;Service Caracterisation
srv-chimie;Service Synthese Chimique
srv-croissance-implantation;Service Croissance et Implantation Ionique
srv-elec;Service Electronique
srv-meca;Service Mecanique
srv-met-prepa-fib;Service MET, FIB et Prepa
srv-nanofab-nanocarac;Service NanoFabrication et NanoCaractérisation
srv-spectro;Service Spectroscopie Optique et Magnetisme
srv-ultra-vide;Service ultra-vide et cryogenie
